test set,train set,Diaz-Pinto Model
0.9746835443037974,0.9116719242902208,0.9346
0.9361702127659575,0.9326241134751773,0.8977
0.9308901592486729,1.0,0.9605
0.9166666666666666,1.0,
